1080100151399,4806505200060,SEEDS RAMGO UPO TAMBULI
1080100151405,4809010295002,SEEDS RAMGO AMPALAYA
1080100151412,4809010295019,SEEDS RAMGO CABBAGE
1080100151429,4809010295026,SEEDS RAMGO CHINESE CABBAGE
1080100151436,4809010295033,SEEDS RAMGO CARROTS
1080100151443,4809010295040,SEEDS RAMGO CUCUMBER
1080100151450,4809010295064,SEEDS RAMGO EGGPLANT
1080100151467,4809010295071,SEEDS RAMGO KANGKONG CHINESE UPLAND
1080100151474,4809010295125,SEEDS RAMGO OKRA
1080100151481,4809010295132,SEEDS RAMGO PATOLA PRADO ACE
1080100151498,4809010295149,SEEDS RAMGO ONION RED CREOLE
1080100151504,4809010295156,SEEDS RAMGO PETCHAY
1080100151511,4809010295163,SEEDS RAMGO BELL PEPPER
1080100151528,4809010295170,SEEDS RAMGO HOT PEPPER CINDYGANG
1080100151535,4809010295187,SEEDS RAMGO RADISH
1080100151542,4809010295194,SEEDS RAMGO BUSH SITAO
1080100151559,4809010295200,SEEDS RAMGO SITAW/POLE SITAO
1080100151566,4809010295224,SEEDS RAMGO SQUASH
1080100151573,4809010295286,SEEDS RAMGO SUGAR PEAS
1080100151580,4809010295293,SEEDS RAMGO BAGUIO BEANS
1080100168090,8018800897760,FERTILIZER RAMGO AMMONIUM PHOSPHATE 16-20-0 1KG
1080100168106,8018800897777,FERTILIZER RAMGO COMPLETE 14-14-14 1KG
1080100168113,8018800897784,FERTILIZER RAMGO UREA 46-0-0 1KG
1080100168267,,FERTILIZER RAMGO MEDIUM SOILESS POTTING MIX 3L
1080100168274,,FERTILIZER RAMGO MEDIUM VERMICULITE 800G
1080100451932,,INSECTICIDE RAMGO RESBAK CARBARYL 50GRMS
1080100451949,,INSECTICIDE RAMGO MALATHIONE 100ML
1080100451956,,PESTICIDE RAMGO NO RAT GLUE ALL WEATHER 220ML
1080100451963,,FUNGICIDE RAMGO BENLAKI BENOMYL 100GRMS
