1090100436518,8123300879014,SPRAY PAINT TACOMA MATTE BLACK 400ML
1090100100846,8123300879021,SPRAY PAINT TACOMA RED 400ML
1090100100853,8123300879038,SPRAY PAINT TACOMA BLACK 400ML
1090100100860,8123300879045,SPRAY PAINT TACOMA WHITE 400ML
1090100100877,8123300879052,SPRAY PAINT TACOMA GREEN 400ML
1090100100945,8123300879120,SPRAY PAINT TACOMA BLUE 400ML
1090100100884,8123300879069,SPRAY PAINT TACOMA YELLOW 400ML
1090100100891,8123300879076,SPRAY PAINT TACOMA LACQUER CLEAR 400ML
1090100100907,8123300879083,SPRAY PAINT TACOMA PRIMER GREY 400ML
1090100100914,8123300879090,SPRAY PAINT TACOMA SILVER 400ML
1090100100921,8123300879106,SPRAY PAINT TACOMA BRIGHT CHROME 400ML
1090100100938,8123300879113,SPRAY PAINT TACOMA BRIGHT GOLD 400ML
1090100436556,8123300980123,SPRAY PAINT TACOMA HEAT RESISTANT (600 DEGREE) SILVER
1090100436570,8123300980130,SPRAY PAINT TACOMA HEAT RESISTANT (600 DEGREE) BLACK
1090100436587,8123300980147,SPRAY PAINT TACOMA 1005 FLOURESCENT YELLOW
1090100436594,8123300980154,SPRAY PAINT TACOMA 1006 FLOURESCENT ORANGE
1090100436631,8123300980161,SPRAY PAINT TACOMA 1003 FLOURESCENT GREEN
